Login,Email,Avatar,Birthday,ShowAge,Password
alice1231,blue.sky123@gmail.com,/avatars/alice.png,null,true,5tr0ngP@ssw0rd
Antonymayer,sunnyday456@yahoo.com,null,null,false,SecreT123
Rick Taylor,green-tree789@outlook.com,/avatars/charlie.png,1995-11-30,true,C0ffeeLover
Mr.Incognito!,starrynight321@icloud.com,/avatars/david.png,1983-01-05,false,MyP@sswordIsSafe
cold me(n)tal,happy-moment987@mail.ru,/avatars/emma.png,null,true,SunnyDay123
Няш-мяш,wild.flower369@yandex.ru,null,2003-04-18,false,HikingRocks
IR,wintersnowfall147@gmail.com,null,1991-08-25,true,P@ssword1234
Bocchi,oceanwave654@yahoo.com,/avatars/henry.png,2001-02-14,false,GuitarHero99
KEPLOP,isabellama@gmail.com,/avatars/isabella.png,1993-06-09,true,CookingIsFun
Mr.Despair,crystal23@gmail.com,/avatars/jack.png,1989-12-01,false,TravelBug2023
Человечек,karen.white@yandex.ru,/avatars/karen.png,1994-10-20,true,LoveYoga
MaybeNextTime,autumnleaves@yandex.ru,null,null,false,Footba77Fan
Edith_Doteriev,mr-simonov@yahoo.com,null,null,true,Dancing22Queen
Kamias,imbeliever@gmail.com,null,1984-03-21,false,CyclingLife2022
Иманити,olivia-wright@gmail.com,null,1991-07-15,true,CoffeeAddict99
nikovav,specter1@yahoo.com,/avatars/peter.png,1987-08-02,false,SkiingAdventure
Winkel,ddtww@outlook.com,/avatars/quinn.png,1995-04-10,true,SummerVibes.
Чай с жасмином,lovetea@yandex.ru,null,1989-10-30,false,Baking1sLife
秋山守る,sophiaharris@yandex.ru,/avatars/sophia.png,1990-01-17,true,GamingGuru77!
